,customerid,label,prediction
0,15600882,0.0,0.0
1,15788218,0.0,0.0
2,15661507,0.0,0.0
3,15568982,0.0,0.0
4,15725737,0.0,0.0
5,15589475,1.0,1.0
6,15788448,0.0,0.0
7,15717426,0.0,0.0
8,15619360,0.0,0.0
9,15602280,1.0,0.0
10,15771873,0.0,0.0
11,15812518,0.0,0.0
12,15770811,0.0,0.0
13,15738751,0.0,0.0
14,15731511,0.0,0.0
15,15676966,0.0,0.0
16,15804919,1.0,0.0
17,15613854,1.0,0.0
18,15744689,1.0,0.0
19,15803526,0.0,0.0
20,15705512,0.0,0.0
21,15698028,0.0,0.0
22,15760085,0.0,0.0
23,15627360,1.0,0.0
24,15591607,0.0,0.0
25,15740404,0.0,0.0
26,15718369,0.0,0.0
27,15712543,0.0,0.0
28,15584518,0.0,0.0
29,15802381,0.0,0.0
30,15594408,1.0,1.0
31,15724944,0.0,0.0
32,15754105,0.0,0.0
33,15759618,1.0,1.0
34,15709368,0.0,0.0
35,15679145,1.0,1.0
36,15692132,0.0,0.0
37,15641122,0.0,0.0
38,15611325,0.0,0.0
39,15651022,1.0,1.0
40,15625524,0.0,0.0
41,15762615,0.0,0.0
42,15771977,0.0,0.0
43,15777892,0.0,0.0
44,15755262,1.0,0.0
45,15684181,1.0,0.0
46,15612087,0.0,0.0
47,15752047,0.0,0.0
48,15624592,0.0,0.0
49,15594917,0.0,0.0
50,15785542,0.0,0.0
51,15659366,1.0,0.0
52,15651001,0.0,0.0
53,15813844,0.0,0.0
54,15797219,1.0,0.0
55,15772423,1.0,1.0
56,15636684,0.0,0.0
57,15787071,0.0,0.0
58,15796505,0.0,0.0
59,15758685,0.0,0.0
60,15694456,1.0,0.0
61,15683562,0.0,0.0
62,15668893,0.0,0.0
63,15669169,0.0,0.0
64,15708608,0.0,0.0
65,15626144,0.0,0.0
66,15607098,0.0,0.0
67,15590241,1.0,0.0
68,15624188,0.0,0.0
69,15812191,0.0,0.0
70,15636673,0.0,0.0
71,15626114,0.0,0.0
72,15682757,0.0,0.0
73,15786170,0.0,0.0
74,15568240,0.0,0.0
75,15622993,0.0,0.0
76,15685226,0.0,0.0
77,15573456,1.0,0.0
78,15807432,0.0,0.0
79,15745354,0.0,0.0
80,15701376,0.0,0.0
81,15566594,0.0,0.0
82,15760431,0.0,0.0
83,15686302,0.0,0.0
84,15659843,0.0,0.0
85,15674551,1.0,0.0
86,15652883,0.0,0.0
87,15743040,0.0,0.0
88,15644572,0.0,0.0
89,15732778,0.0,0.0
90,15670039,0.0,0.0
91,15635367,0.0,0.0
92,15591986,1.0,1.0
93,15677538,0.0,0.0
94,15695585,0.0,0.0
95,15676519,1.0,0.0
96,15662403,0.0,0.0
97,15591995,0.0,0.0
98,15730059,0.0,0.0
99,15598883,0.0,0.0
100,15593601,0.0,0.0
101,15746902,0.0,0.0
102,15775912,1.0,0.0
103,15600258,0.0,0.0
104,15763063,0.0,0.0
105,15670080,0.0,0.0
106,15607312,1.0,0.0
107,15591047,1.0,0.0
108,15604044,0.0,0.0
109,15679587,0.0,0.0
110,15775153,0.0,0.0
111,15680970,0.0,0.0
112,15637476,1.0,1.0
113,15645569,0.0,0.0
114,15661249,0.0,0.0
115,15745295,1.0,0.0
116,15719352,0.0,0.0
117,15636444,0.0,0.0
118,15604119,0.0,0.0
119,15605447,0.0,1.0
120,15589030,0.0,0.0
121,15692463,0.0,0.0
122,15811762,1.0,1.0
123,15718673,0.0,0.0
124,15603323,0.0,0.0
125,15798398,0.0,0.0
126,15784844,1.0,0.0
127,15813741,0.0,0.0
128,15568595,0.0,0.0
129,15603065,0.0,0.0
130,15699637,0.0,0.0
131,15788659,0.0,0.0
132,15775238,0.0,0.0
133,15786905,0.0,0.0
134,15801277,0.0,0.0
135,15727299,1.0,0.0
136,15620204,1.0,0.0
137,15669516,0.0,0.0
138,15603436,0.0,0.0
139,15808621,0.0,0.0
140,15580148,1.0,1.0
141,15734886,0.0,0.0
142,15578761,1.0,0.0
143,15736879,0.0,0.0
144,15672692,0.0,0.0
145,15812750,0.0,0.0
146,15784209,0.0,0.0
147,15794278,0.0,0.0
148,15716835,0.0,0.0
149,15698839,0.0,0.0
150,15790314,0.0,0.0
151,15634245,0.0,1.0
152,15815364,0.0,0.0
153,15625944,0.0,0.0
154,15583212,0.0,0.0
155,15724296,0.0,0.0
156,15584091,1.0,0.0
157,15639314,0.0,0.0
158,15752137,0.0,0.0
159,15628936,1.0,0.0
160,15737051,0.0,0.0
161,15668747,0.0,0.0
162,15578980,0.0,0.0
163,15775306,1.0,1.0
164,15619708,0.0,0.0
165,15660602,0.0,0.0
166,15639788,0.0,0.0
167,15585888,1.0,0.0
168,15592222,0.0,0.0
169,15586959,0.0,0.0
170,15725811,0.0,0.0
171,15745012,0.0,0.0
172,15601589,0.0,0.0
173,15760550,0.0,0.0
174,15614215,0.0,0.0
175,15805449,0.0,0.0
176,15794549,0.0,0.0
177,15803764,0.0,0.0
178,15585362,1.0,1.0
179,15591711,0.0,0.0
180,15600462,0.0,0.0
181,15733119,0.0,0.0
182,15786014,0.0,0.0
183,15814275,0.0,0.0
184,15724848,1.0,0.0
185,15746490,0.0,0.0
186,15719856,0.0,0.0
187,15753337,1.0,1.0
188,15668032,0.0,0.0
189,15729362,0.0,0.0
190,15709295,0.0,0.0
191,15783659,0.0,0.0
192,15619529,0.0,0.0
193,15686164,0.0,0.0
194,15753831,0.0,0.0
195,15731815,1.0,1.0
196,15580956,1.0,0.0
197,15589805,0.0,0.0
198,15720893,0.0,0.0
199,15605918,0.0,0.0
200,15799515,0.0,1.0
201,15613749,1.0,0.0
202,15745527,0.0,0.0
203,15645621,0.0,0.0
204,15723685,0.0,0.0
205,15569050,1.0,0.0
206,15799811,1.0,0.0
207,15655274,0.0,0.0
208,15759805,0.0,0.0
209,15681174,0.0,0.0
210,15750243,0.0,0.0
211,15695475,0.0,0.0
212,15785980,0.0,0.0
213,15623828,0.0,0.0
214,15715003,0.0,0.0
215,15706186,0.0,0.0
216,15699598,0.0,0.0
217,15692744,1.0,0.0
218,15628674,1.0,0.0
219,15790497,0.0,0.0
220,15762937,0.0,0.0
221,15646513,1.0,0.0
222,15621687,0.0,0.0
223,15780144,0.0,0.0
224,15626608,0.0,0.0
225,15733974,0.0,0.0
226,15762110,0.0,0.0
227,15569247,0.0,0.0
228,15763625,0.0,0.0
229,15601688,0.0,0.0
230,15575581,0.0,0.0
231,15741295,0.0,0.0
232,15811327,0.0,0.0
233,15690007,1.0,1.0
234,15600997,0.0,0.0
235,15633419,0.0,0.0
236,15650351,0.0,0.0
237,15640454,1.0,0.0
238,15600992,0.0,0.0
239,15779947,1.0,1.0
240,15569451,0.0,0.0
241,15650098,0.0,0.0
242,15616451,0.0,0.0
243,15674148,1.0,0.0
244,15625080,1.0,1.0
245,15654229,0.0,0.0
246,15613844,0.0,0.0
247,15578515,0.0,0.0
248,15774155,0.0,0.0
249,15813132,0.0,0.0
250,15814930,1.0,0.0
251,15699523,0.0,1.0
252,15615032,0.0,0.0
253,15647402,0.0,0.0
254,15794870,0.0,0.0
255,15617078,0.0,0.0
256,15612064,1.0,0.0
257,15690182,1.0,0.0
258,15634896,0.0,0.0
259,15609510,0.0,0.0
260,15597239,0.0,0.0
261,15687752,0.0,0.0
262,15793247,0.0,0.0
263,15800434,1.0,1.0
264,15638806,0.0,0.0
265,15808689,0.0,0.0
266,15720702,1.0,0.0
267,15574331,1.0,0.0
268,15575417,0.0,0.0
269,15612108,0.0,0.0
270,15761132,0.0,0.0
271,15691104,1.0,0.0
272,15683403,1.0,0.0
273,15769005,0.0,0.0
274,15719958,0.0,0.0
275,15723006,0.0,0.0
276,15808228,0.0,0.0
277,15787835,1.0,0.0
278,15754796,1.0,0.0
279,15670481,0.0,0.0
280,15612494,1.0,0.0
281,15579062,0.0,0.0
282,15797733,0.0,0.0
283,15585282,0.0,0.0
284,15574068,1.0,1.0
285,15806967,0.0,0.0
286,15680855,0.0,0.0
287,15784280,0.0,0.0
288,15657085,0.0,0.0
289,15753566,0.0,0.0
290,15700223,0.0,0.0
291,15703399,0.0,0.0
292,15732175,0.0,0.0
293,15640260,0.0,0.0
294,15716822,0.0,0.0
295,15625824,1.0,1.0
296,15761976,0.0,0.0
297,15744517,1.0,1.0
298,15686963,0.0,0.0
299,15762277,1.0,0.0
300,15701200,0.0,0.0
301,15697283,0.0,0.0
302,15614818,0.0,0.0
303,15797686,0.0,0.0
304,15690678,0.0,0.0
305,15599552,0.0,0.0
306,15709994,1.0,0.0
307,15671032,0.0,0.0
308,15576714,0.0,0.0
309,15595282,0.0,0.0
310,15789548,0.0,0.0
311,15748718,0.0,0.0
312,15640865,0.0,0.0
313,15714080,0.0,0.0
314,15648721,0.0,0.0
315,15665695,0.0,0.0
316,15662955,0.0,0.0
317,15777797,1.0,0.0
318,15783955,0.0,0.0
319,15595303,1.0,0.0
320,15745827,0.0,0.0
321,15735222,0.0,0.0
322,15655574,0.0,0.0
323,15718106,0.0,0.0
324,15585067,1.0,0.0
325,15741429,0.0,0.0
326,15682356,0.0,0.0
327,15806447,0.0,0.0
328,15663441,1.0,0.0
329,15791991,0.0,0.0
330,15775082,0.0,0.0
331,15718247,0.0,0.0
332,15716994,1.0,0.0
333,15569178,0.0,0.0
334,15811236,0.0,0.0
335,15572093,0.0,0.0
336,15713826,1.0,0.0
337,15570205,0.0,0.0
338,15589348,0.0,0.0
339,15700255,0.0,0.0
340,15605279,1.0,1.0
341,15713644,0.0,0.0
342,15772892,0.0,1.0
343,15684269,1.0,0.0
344,15612627,0.0,0.0
345,15574879,0.0,0.0
346,15730639,0.0,0.0
347,15777639,0.0,0.0
348,15778410,1.0,0.0
349,15704763,1.0,0.0
350,15815660,0.0,0.0
351,15756471,0.0,0.0
352,15721303,0.0,0.0
353,15673342,0.0,0.0
354,15642002,1.0,0.0
355,15693381,0.0,0.0
356,15606841,0.0,0.0
357,15757648,0.0,0.0
358,15610446,1.0,1.0
359,15612776,0.0,0.0
360,15770435,0.0,0.0
361,15592994,0.0,0.0
362,15711219,1.0,0.0
363,15770498,0.0,0.0
364,15605275,1.0,1.0
365,15694188,0.0,0.0
366,15769346,0.0,0.0
367,15812338,0.0,0.0
368,15709338,0.0,0.0
369,15632575,0.0,0.0
370,15740164,0.0,0.0
371,15574947,0.0,0.0
372,15782574,0.0,0.0
373,15766686,0.0,0.0
374,15669922,0.0,0.0
375,15716324,0.0,0.0
376,15806880,0.0,0.0
377,15781034,0.0,0.0
378,15677382,0.0,0.0
379,15810786,0.0,0.0
380,15576644,1.0,0.0
381,15629575,1.0,0.0
382,15647782,0.0,0.0
383,15799031,0.0,0.0
384,15810457,0.0,0.0
385,15569187,0.0,0.0
386,15780514,0.0,0.0
387,15591386,0.0,0.0
388,15630913,0.0,0.0
389,15756680,0.0,0.0
390,15622454,0.0,0.0
391,15775803,0.0,0.0
392,15748381,0.0,0.0
393,15787189,1.0,1.0
394,15755678,1.0,0.0
395,15567399,0.0,0.0
396,15727384,1.0,0.0
397,15612050,0.0,0.0
398,15761477,0.0,0.0
399,15633043,1.0,0.0
400,15603088,0.0,0.0
401,15634262,0.0,0.0
402,15595831,0.0,0.0
403,15642544,0.0,0.0
404,15679550,0.0,0.0
405,15724443,0.0,0.0
406,15767794,0.0,0.0
407,15790379,0.0,0.0
408,15687658,1.0,1.0
409,15608886,0.0,0.0
410,15602551,0.0,0.0
411,15806132,0.0,0.0
412,15689168,0.0,0.0
413,15804814,0.0,0.0
414,15778934,0.0,0.0
415,15795990,1.0,0.0
416,15686255,0.0,0.0
417,15671609,0.0,0.0
418,15791836,0.0,0.0
419,15732740,0.0,0.0
420,15777923,0.0,0.0
421,15726354,0.0,0.0
422,15621893,0.0,0.0
423,15765518,1.0,1.0
424,15613712,0.0,0.0
425,15648794,1.0,1.0
426,15651585,0.0,0.0
427,15704746,0.0,0.0
428,15730397,0.0,0.0
429,15799211,0.0,0.0
430,15583548,1.0,1.0
431,15710161,0.0,0.0
432,15573876,0.0,0.0
433,15682435,0.0,0.0
434,15641850,0.0,0.0
435,15684999,0.0,0.0
436,15752488,0.0,0.0
437,15610056,0.0,0.0
438,15712849,1.0,0.0
439,15670345,0.0,0.0
440,15783958,0.0,0.0
441,15604782,0.0,0.0
442,15762216,0.0,0.0
443,15681402,0.0,0.0
444,15734628,0.0,0.0
445,15622217,1.0,0.0
446,15703588,0.0,0.0
447,15763747,0.0,0.0
448,15789097,1.0,0.0
449,15779064,0.0,0.0
450,15801265,1.0,0.0
451,15589204,0.0,0.0
452,15664543,1.0,0.0
453,15757577,0.0,0.0
454,15664639,0.0,0.0
455,15644621,0.0,0.0
456,15756056,0.0,0.0
457,15624388,1.0,0.0
458,15627212,0.0,0.0
459,15639415,0.0,0.0
460,15806332,0.0,0.0
461,15614929,0.0,0.0
462,15660688,0.0,0.0
463,15735388,0.0,0.0
464,15641250,0.0,0.0
465,15775203,0.0,0.0
466,15588701,0.0,0.0
467,15665438,0.0,0.0
468,15604345,0.0,0.0
469,15606267,0.0,0.0
470,15654463,0.0,0.0
471,15693259,0.0,0.0
472,15711825,0.0,0.0
473,15672374,1.0,1.0
474,15756901,0.0,0.0
475,15809286,1.0,0.0
476,15579130,1.0,1.0
477,15574886,0.0,0.0
478,15707120,0.0,0.0
479,15607837,0.0,0.0
480,15782941,0.0,0.0
481,15661821,1.0,0.0
482,15592645,0.0,0.0
483,15586976,1.0,0.0
484,15790659,0.0,0.0
485,15572461,0.0,0.0
486,15568025,0.0,0.0
487,15667458,0.0,0.0
488,15679294,0.0,0.0
489,15726403,1.0,0.0
490,15725818,0.0,0.0
491,15716518,0.0,0.0
492,15595537,0.0,0.0
493,15679249,1.0,1.0
494,15661219,0.0,0.0
495,15760294,1.0,0.0
496,15803790,0.0,0.0
497,15764105,0.0,0.0
498,15766896,0.0,0.0
499,15587735,0.0,0.0
500,15776824,0.0,0.0
501,15715920,0.0,0.0
502,15583364,0.0,0.0
503,15625942,0.0,0.0
504,15679642,0.0,0.0
505,15661974,0.0,0.0
506,15689341,1.0,1.0
507,15607993,0.0,0.0
508,15577064,0.0,0.0
509,15739068,0.0,0.0
510,15791102,1.0,1.0
511,15687130,0.0,0.0
512,15755178,1.0,1.0
513,15732270,1.0,0.0
514,15724145,0.0,0.0
515,15597896,1.0,0.0
516,15567333,0.0,0.0
517,15658956,0.0,0.0
518,15763665,0.0,0.0
519,15765812,0.0,0.0
520,15616700,0.0,0.0
521,15814209,0.0,0.0
522,15640846,1.0,1.0
523,15760102,0.0,0.0
524,15788946,0.0,0.0
525,15716000,0.0,0.0
526,15591179,0.0,0.0
527,15581036,1.0,0.0
528,15622117,0.0,0.0
529,15735263,0.0,0.0
530,15582944,0.0,0.0
531,15687162,1.0,1.0
532,15761348,0.0,0.0
533,15717898,0.0,0.0
534,15576723,0.0,0.0
535,15754261,0.0,0.0
536,15736274,0.0,0.0
537,15729954,1.0,0.0
538,15797010,0.0,0.0
539,15628203,0.0,0.0
540,15766869,0.0,0.0
541,15628170,0.0,0.0
542,15701318,0.0,0.0
543,15648702,0.0,0.0
544,15681550,0.0,0.0
545,15641480,0.0,0.0
546,15662098,1.0,1.0
547,15723894,0.0,0.0
548,15720671,0.0,0.0
549,15579647,0.0,0.0
550,15668347,0.0,0.0
551,15790235,0.0,0.0
552,15659475,0.0,0.0
553,15771417,1.0,0.0
554,15770719,0.0,0.0
555,15775662,0.0,0.0
556,15646817,0.0,0.0
557,15600934,1.0,1.0
558,15619280,0.0,0.0
559,15643496,0.0,0.0
560,15759913,0.0,0.0
561,15758171,0.0,0.0
562,15649124,0.0,0.0
563,15714057,0.0,0.0
564,15748473,0.0,0.0
565,15785782,1.0,0.0
566,15693233,0.0,0.0
567,15757521,0.0,0.0
568,15678572,1.0,0.0
569,15610426,0.0,0.0
570,15648489,1.0,0.0
571,15693203,0.0,0.0
572,15769829,0.0,0.0
573,15773503,0.0,0.0
574,15705890,0.0,0.0
575,15597033,0.0,0.0
576,15671591,1.0,1.0
577,15789425,1.0,0.0
578,15701291,0.0,0.0
579,15606836,0.0,0.0
580,15664150,0.0,0.0
581,15810944,0.0,0.0
582,15694829,0.0,0.0
583,15746139,0.0,0.0
584,15704987,0.0,1.0
585,15617482,1.0,1.0
586,15705113,0.0,0.0
587,15792818,0.0,0.0
588,15633531,0.0,0.0
589,15689425,0.0,0.0
590,15764419,0.0,0.0
591,15591915,1.0,0.0
592,15772798,0.0,0.0
593,15744919,0.0,0.0
594,15654901,0.0,1.0
595,15673619,0.0,0.0
596,15694946,0.0,0.0
597,15682268,1.0,0.0
598,15809823,0.0,0.0
599,15582492,0.0,0.0
600,15619653,1.0,0.0
601,15739160,0.0,0.0
602,15811613,0.0,0.0
603,15574305,0.0,0.0
604,15678168,0.0,0.0
605,15745232,0.0,0.0
606,15801247,0.0,0.0
607,15578006,0.0,0.0
608,15687491,1.0,1.0
609,15610403,0.0,0.0
610,15679651,0.0,0.0
611,15619087,0.0,0.0
612,15610140,0.0,0.0
613,15602373,0.0,0.0
614,15599533,0.0,0.0
615,15570932,1.0,0.0
616,15794661,0.0,0.0
617,15694288,0.0,0.0
618,15759066,1.0,0.0
619,15571059,1.0,1.0
620,15674206,0.0,0.0
621,15715160,0.0,0.0
622,15680243,0.0,0.0
623,15735549,0.0,0.0
624,15809347,0.0,0.0
625,15800890,0.0,0.0
626,15697424,1.0,0.0
627,15707596,1.0,0.0
628,15622478,1.0,1.0
629,15663161,1.0,1.0
630,15619407,0.0,0.0
631,15660541,0.0,0.0
632,15753874,0.0,0.0
633,15638003,0.0,0.0
634,15730688,1.0,0.0
635,15753102,0.0,0.0
636,15569641,1.0,0.0
637,15801336,1.0,0.0
638,15581282,0.0,0.0
639,15746203,1.0,0.0
640,15734312,0.0,0.0
641,15685536,0.0,0.0
642,15761950,1.0,0.0
643,15760570,0.0,0.0
644,15725794,1.0,1.0
645,15678201,1.0,0.0
646,15598070,0.0,0.0
647,15753861,0.0,0.0
648,15742204,0.0,0.0
649,15587177,0.0,0.0
650,15612465,0.0,0.0
651,15810800,0.0,0.0
652,15665760,0.0,0.0
653,15629739,0.0,0.0
654,15729908,0.0,0.0
655,15646936,0.0,0.0
656,15579212,1.0,1.0
657,15721835,0.0,0.0
658,15778830,0.0,0.0
659,15654456,1.0,1.0
660,15574372,0.0,0.0
661,15671249,0.0,0.0
662,15624755,0.0,0.0
663,15749381,0.0,0.0
664,15707634,0.0,0.0
665,15806901,0.0,0.0
666,15627220,1.0,1.0
667,15672330,0.0,0.0
668,15748589,0.0,0.0
669,15757632,0.0,0.0
670,15670587,0.0,0.0
671,15618566,0.0,0.0
672,15628767,1.0,0.0
673,15625126,0.0,0.0
674,15567114,0.0,0.0
675,15672242,0.0,0.0
676,15740630,0.0,0.0
677,15684925,0.0,0.0
678,15720508,0.0,0.0
679,15671390,0.0,0.0
680,15640866,0.0,0.0
681,15685628,0.0,0.0
682,15713621,0.0,0.0
683,15754952,0.0,0.0
684,15684010,0.0,0.0
685,15733303,0.0,0.0
686,15733234,1.0,0.0
687,15571302,0.0,0.0
688,15665766,0.0,0.0
689,15691624,0.0,0.0
690,15611800,0.0,0.0
691,15793693,0.0,0.0
692,15627412,0.0,0.0
693,15654346,0.0,0.0
694,15814465,0.0,0.0
695,15789974,1.0,0.0
696,15748673,0.0,0.0
697,15813422,0.0,0.0
698,15771509,0.0,0.0
699,15585280,0.0,0.0
700,15630661,0.0,0.0
701,15765461,0.0,0.0
702,15588944,1.0,1.0
703,15694253,0.0,0.0
704,15802060,0.0,0.0
705,15674727,0.0,0.0
706,15757911,0.0,0.0
707,15710853,0.0,0.0
708,15808557,1.0,0.0
709,15614687,0.0,0.0
710,15626882,0.0,0.0
711,15646726,0.0,0.0
712,15580629,0.0,0.0
713,15730161,0.0,0.0
714,15662865,0.0,0.0
715,15786392,0.0,0.0
716,15687270,0.0,0.0
717,15683375,0.0,0.0
718,15574296,0.0,0.0
719,15773221,1.0,0.0
720,15664227,0.0,0.0
721,15628886,1.0,0.0
722,15707199,0.0,0.0
723,15771855,0.0,0.0
724,15750867,1.0,1.0
725,15781678,0.0,0.0
726,15794841,0.0,0.0
727,15674442,0.0,0.0
728,15571689,0.0,0.0
729,15730469,0.0,0.0
730,15793049,1.0,1.0
731,15569572,0.0,0.0
732,15691703,1.0,0.0
733,15729689,0.0,0.0
734,15628123,0.0,0.0
735,15602731,1.0,0.0
736,15807340,0.0,0.0
737,15790442,0.0,0.0
738,15626806,0.0,0.0
739,15747345,0.0,0.0
740,15657565,0.0,0.0
741,15613216,0.0,0.0
742,15699492,0.0,0.0
743,15707551,0.0,0.0
744,15608344,1.0,1.0
745,15689152,0.0,0.0
746,15759274,0.0,0.0
747,15607748,0.0,0.0
748,15698031,0.0,0.0
749,15804709,1.0,0.0
750,15675360,0.0,0.0
751,15734970,0.0,0.0
752,15643042,0.0,0.0
753,15699486,0.0,0.0
754,15652218,0.0,0.0
755,15599860,1.0,0.0
756,15803842,0.0,0.0
757,15795151,0.0,0.0
758,15632859,0.0,0.0
759,15621409,0.0,0.0
760,15740383,0.0,0.0
761,15642093,0.0,0.0
762,15718289,1.0,1.0
763,15585823,0.0,0.0
764,15751774,0.0,0.0
765,15654733,1.0,1.0
766,15744200,0.0,0.0
767,15653315,0.0,0.0
768,15604792,0.0,0.0
769,15662533,0.0,0.0
770,15806230,1.0,0.0
771,15717185,0.0,0.0
772,15568915,0.0,0.0
773,15631392,0.0,0.0
774,15805025,0.0,0.0
775,15746341,0.0,0.0
776,15624186,0.0,0.0
777,15726945,0.0,0.0
778,15748854,0.0,0.0
779,15750156,1.0,1.0
780,15751120,0.0,0.0
781,15680436,0.0,0.0
782,15669326,0.0,0.0
783,15701206,0.0,0.0
784,15651943,0.0,0.0
785,15758013,0.0,0.0
786,15659736,1.0,1.0
787,15652789,0.0,0.0
788,15739168,0.0,0.0
789,15619972,1.0,0.0
790,15756610,1.0,0.0
791,15640917,0.0,0.0
792,15663164,1.0,1.0
793,15616811,0.0,0.0
794,15786643,0.0,0.0
795,15668695,0.0,0.0
796,15669281,0.0,0.0
797,15792064,1.0,1.0
798,15626141,0.0,0.0
799,15677052,1.0,0.0
800,15629187,0.0,0.0
801,15648461,0.0,0.0
802,15679075,0.0,0.0
803,15738516,0.0,0.0
804,15653715,0.0,0.0
805,15806184,0.0,0.0
806,15734762,1.0,1.0
807,15634143,0.0,0.0
808,15764294,0.0,0.0
809,15596979,0.0,0.0
810,15635097,0.0,0.0
811,15693322,0.0,0.0
812,15643865,1.0,0.0
813,15801630,0.0,0.0
814,15663964,0.0,0.0
815,15762048,0.0,0.0
816,15609623,1.0,1.0
817,15698246,0.0,0.0
818,15621435,0.0,0.0
819,15722350,0.0,0.0
820,15636396,0.0,0.0
821,15706170,0.0,0.0
822,15725478,0.0,0.0
823,15810593,0.0,1.0
824,15677785,0.0,0.0
825,15660524,0.0,0.0
826,15747168,1.0,0.0
827,15751943,0.0,0.0
828,15640922,0.0,0.0
829,15720929,1.0,1.0
830,15731117,0.0,0.0
831,15572145,0.0,0.0
832,15711314,1.0,0.0
833,15627847,1.0,0.0
834,15588090,1.0,1.0
835,15735270,1.0,1.0
836,15778947,0.0,0.0
837,15756481,0.0,0.0
838,15703292,0.0,0.0
839,15787830,0.0,0.0
840,15796167,0.0,0.0
841,15664808,0.0,1.0
842,15673984,1.0,0.0
843,15707132,0.0,0.0
844,15804787,0.0,0.0
845,15763895,0.0,0.0
846,15781777,0.0,0.0
847,15740527,1.0,0.0
848,15680001,0.0,0.0
849,15633834,0.0,0.0
850,15720774,1.0,0.0
851,15794257,0.0,0.0
852,15681697,0.0,0.0
853,15577970,0.0,0.0
854,15581811,0.0,0.0
855,15753362,0.0,0.0
856,15789714,0.0,0.0
857,15605293,0.0,0.0
858,15692631,0.0,0.0
859,15584536,1.0,0.0
860,15645271,1.0,0.0
861,15592000,1.0,1.0
862,15637110,0.0,0.0
863,15808831,0.0,0.0
864,15680370,0.0,0.0
865,15605375,0.0,0.0
866,15621520,0.0,0.0
867,15756425,0.0,0.0
868,15790324,0.0,0.0
869,15572547,1.0,0.0
870,15740345,1.0,0.0
871,15575955,0.0,0.0
872,15571261,0.0,0.0
873,15696539,0.0,0.0
874,15766163,0.0,0.0
875,15641312,1.0,0.0
876,15676937,1.0,0.0
877,15710375,0.0,0.0
878,15683524,0.0,0.0
879,15713532,0.0,0.0
880,15595136,0.0,0.0
881,15660646,0.0,0.0
882,15776128,0.0,0.0
883,15787035,0.0,0.0
884,15624437,0.0,0.0
885,15657317,0.0,0.0
886,15627630,0.0,0.0
887,15604818,0.0,0.0
888,15777436,0.0,0.0
889,15715673,1.0,1.0
890,15733261,1.0,0.0
891,15668248,1.0,1.0
892,15694518,0.0,0.0
893,15638028,0.0,0.0
894,15669204,0.0,0.0
895,15672875,0.0,0.0
896,15761775,0.0,0.0
897,15799964,0.0,0.0
898,15693906,0.0,0.0
899,15756926,0.0,0.0
900,15703979,0.0,0.0
901,15746127,0.0,0.0
902,15658475,1.0,0.0
903,15767908,0.0,0.0
904,15677105,1.0,1.0
905,15671172,0.0,0.0
906,15649292,1.0,1.0
907,15758136,0.0,0.0
908,15622321,0.0,0.0
909,15715744,0.0,0.0
910,15639590,0.0,0.0
911,15659399,0.0,0.0
912,15581733,0.0,0.0
913,15579617,1.0,0.0
914,15749528,0.0,0.0
915,15578783,0.0,0.0
916,15691875,0.0,0.0
917,15808674,1.0,1.0
918,15689492,0.0,0.0
919,15602405,0.0,0.0
920,15568046,0.0,0.0
921,15607314,1.0,1.0
922,15669606,0.0,0.0
923,15681990,0.0,0.0
924,15749489,0.0,0.0
925,15685653,0.0,0.0
926,15758831,0.0,0.0
927,15805764,0.0,0.0
928,15583580,1.0,0.0
929,15622230,0.0,0.0
930,15591740,1.0,0.0
931,15650086,0.0,0.0
932,15615140,0.0,0.0
933,15685279,0.0,0.0
934,15655410,1.0,1.0
935,15649129,0.0,0.0
936,15620111,0.0,1.0
937,15778005,1.0,0.0
938,15717706,0.0,0.0
939,15657637,0.0,0.0
940,15755863,0.0,0.0
941,15770345,0.0,0.0
942,15761506,0.0,0.0
943,15709451,0.0,0.0
944,15640421,0.0,0.0
945,15642022,0.0,0.0
946,15606310,0.0,0.0
947,15617252,0.0,0.0
948,15753248,0.0,0.0
949,15610755,0.0,0.0
950,15760090,0.0,0.0
951,15744789,0.0,0.0
952,15799357,0.0,0.0
953,15713346,0.0,0.0
954,15620758,0.0,0.0
955,15808389,0.0,0.0
956,15807003,0.0,0.0
957,15649150,1.0,1.0
958,15624820,1.0,1.0
959,15624596,0.0,0.0
960,15593094,1.0,0.0
961,15614740,0.0,0.0
962,15647111,0.0,0.0
963,15688760,0.0,0.0
964,15781272,1.0,1.0
965,15573888,1.0,1.0
966,15575858,0.0,0.0
967,15579433,0.0,0.0
968,15777045,1.0,0.0
969,15771750,0.0,0.0
970,15614213,0.0,0.0
971,15693205,1.0,1.0
972,15739592,1.0,1.0
973,15656263,0.0,0.0
974,15723851,0.0,0.0
975,15634936,0.0,0.0
976,15571244,0.0,0.0
977,15792228,1.0,1.0
978,15733447,1.0,0.0
979,15751203,1.0,0.0
980,15700601,0.0,0.0
981,15806913,0.0,0.0
982,15792986,1.0,0.0
983,15727703,0.0,0.0
984,15646784,0.0,0.0
985,15628420,0.0,0.0
986,15784361,0.0,0.0
987,15767626,0.0,0.0
988,15682070,0.0,0.0
989,15743817,1.0,1.0
990,15612524,0.0,0.0
991,15728912,0.0,0.0
992,15620341,0.0,0.0
993,15710408,0.0,0.0
994,15625092,1.0,1.0
995,15784761,1.0,1.0
996,15719508,1.0,1.0
997,15773731,0.0,0.0
998,15756196,0.0,0.0
999,15777599,0.0,0.0
1000,15669589,1.0,0.0
1001,15761168,1.0,0.0
1002,15627741,0.0,0.0
1003,15814923,0.0,0.0
1004,15749727,0.0,0.0
1005,15741416,0.0,0.0
1006,15572728,0.0,0.0
1007,15674433,0.0,0.0
1008,15682322,0.0,0.0
1009,15650432,0.0,0.0
1010,15702631,0.0,0.0
1011,15602282,1.0,0.0
1012,15773277,0.0,0.0
1013,15572657,0.0,0.0
1014,15720676,0.0,0.0
1015,15787255,1.0,1.0
1016,15617166,0.0,0.0
1017,15682995,0.0,0.0
1018,15727317,1.0,1.0
1019,15572051,0.0,0.0
1020,15701176,0.0,0.0
1021,15680767,0.0,0.0
1022,15703728,1.0,1.0
1023,15778526,0.0,0.0
1024,15614716,0.0,0.0
1025,15675256,0.0,0.0
1026,15789582,0.0,1.0
1027,15633870,0.0,0.0
1028,15624323,0.0,0.0
1029,15623695,0.0,0.0
1030,15760849,0.0,0.0
1031,15711287,0.0,0.0
1032,15658589,0.0,0.0
1033,15751022,0.0,0.0
1034,15681126,0.0,0.0
1035,15783752,0.0,0.0
1036,15701280,1.0,0.0
1037,15796434,0.0,0.0
1038,15625819,0.0,0.0
1039,15791925,0.0,0.0
1040,15660840,0.0,0.0
1041,15750811,0.0,1.0
1042,15733842,0.0,0.0
1043,15670496,0.0,0.0
1044,15731281,0.0,0.0
1045,15691817,1.0,1.0
1046,15707488,0.0,0.0
1047,15607230,0.0,0.0
1048,15575510,0.0,0.0
1049,15602909,0.0,0.0
1050,15613734,0.0,0.0
1051,15645766,0.0,0.0
1052,15749638,1.0,0.0
1053,15735439,0.0,0.0
1054,15726178,0.0,0.0
1055,15780386,0.0,0.0
1056,15791114,0.0,0.0
1057,15639368,0.0,0.0
1058,15641490,0.0,0.0
1059,15596649,0.0,0.0
1060,15733966,1.0,0.0
1061,15566269,0.0,0.0
1062,15567246,0.0,0.0
1063,15782181,1.0,0.0
1064,15796958,0.0,0.0
1065,15719265,0.0,0.0
1066,15742848,0.0,0.0
1067,15705352,0.0,0.0
1068,15720968,0.0,0.0
1069,15624072,0.0,0.0
1070,15669664,1.0,1.0
1071,15682728,0.0,0.0
1072,15733169,0.0,0.0
1073,15592707,0.0,0.0
1074,15707322,1.0,1.0
1075,15600357,0.0,0.0
1076,15797905,0.0,0.0
1077,15616471,0.0,0.0
1078,15733476,0.0,0.0
1079,15789055,0.0,0.0
1080,15678571,0.0,0.0
1081,15623202,1.0,0.0
1082,15648766,0.0,0.0
1083,15659094,0.0,0.0
1084,15606397,1.0,0.0
1085,15783882,0.0,0.0
1086,15601387,0.0,0.0
1087,15642515,0.0,0.0
1088,15641877,0.0,0.0
1089,15631739,0.0,0.0
1090,15649414,0.0,0.0
1091,15625586,0.0,0.0
1092,15654975,0.0,0.0
1093,15782993,0.0,0.0
1094,15756155,0.0,0.0
1095,15795878,0.0,0.0
1096,15735346,0.0,0.0
1097,15605742,1.0,0.0
1098,15566740,0.0,0.0
1099,15777784,0.0,0.0
1100,15651315,0.0,0.0
1101,15651450,0.0,0.0
1102,15572398,0.0,0.0
1103,15645355,1.0,0.0
1104,15631436,0.0,0.0
1105,15583073,1.0,0.0
1106,15636541,0.0,0.0
1107,15726087,0.0,0.0
1108,15812850,0.0,0.0
1109,15596972,0.0,0.0
1110,15699446,0.0,0.0
1111,15615004,0.0,0.0
1112,15588372,1.0,0.0
1113,15670343,0.0,0.0
1114,15658432,0.0,0.0
1115,15616431,0.0,0.0
1116,15596713,0.0,0.0
1117,15760521,0.0,0.0
1118,15807524,0.0,0.0
1119,15766649,0.0,0.0
1120,15663234,0.0,0.0
1121,15741417,0.0,0.0
1122,15746662,0.0,0.0
1123,15766272,0.0,0.0
1124,15706706,0.0,0.0
1125,15805104,0.0,0.0
1126,15767598,0.0,0.0
1127,15757897,0.0,0.0
1128,15621974,0.0,0.0
1129,15803947,1.0,0.0
1130,15651664,1.0,1.0
1131,15676707,0.0,0.0
1132,15662662,0.0,0.0
1133,15773591,0.0,0.0
1134,15672966,0.0,0.0
1135,15724154,1.0,1.0
1136,15749540,0.0,0.0
1137,15626156,0.0,0.0
1138,15628824,0.0,0.0
1139,15636520,0.0,0.0
1140,15643671,1.0,0.0
1141,15704168,1.0,0.0
1142,15680197,0.0,0.0
1143,15633729,0.0,0.0
1144,15596647,0.0,0.0
1145,15695872,0.0,0.0
1146,15571476,0.0,0.0
1147,15776850,0.0,0.0
1148,15688128,0.0,0.0
1149,15583392,1.0,1.0
1150,15608328,0.0,0.0
1151,15600813,0.0,0.0
1152,15610972,1.0,0.0
1153,15674620,0.0,0.0
1154,15785350,0.0,0.0
1155,15694381,0.0,1.0
1156,15663168,0.0,0.0
1157,15642248,0.0,0.0
1158,15730044,1.0,1.0
1159,15694556,1.0,1.0
1160,15753888,1.0,0.0
1161,15684419,0.0,0.0
1162,15617419,0.0,0.0
1163,15657603,0.0,0.0
1164,15799128,0.0,0.0
1165,15569666,1.0,0.0
1166,15608873,0.0,1.0
1167,15762091,0.0,0.0
1168,15782100,0.0,0.0
1169,15765300,1.0,1.0
1170,15757867,1.0,0.0
1171,15723818,0.0,0.0
1172,15778515,0.0,0.0
1173,15600392,1.0,0.0
1174,15625740,0.0,0.0
1175,15574795,0.0,0.0
1176,15712777,0.0,0.0
1177,15645136,0.0,0.0
1178,15586504,0.0,0.0
1179,15726058,0.0,0.0
1180,15757559,1.0,0.0
1181,15645744,0.0,0.0
1182,15594340,1.0,0.0
1183,15773723,1.0,0.0
1184,15644132,0.0,0.0
1185,15704378,0.0,0.0
1186,15640667,0.0,0.0
1187,15702145,0.0,0.0
1188,15679738,1.0,0.0
1189,15746065,0.0,0.0
1190,15589323,0.0,0.0
1191,15738835,0.0,0.0
1192,15568834,0.0,0.0
1193,15799494,0.0,0.0
1194,15687218,0.0,0.0
1195,15734588,0.0,0.0
1196,15676433,0.0,0.0
1197,15773013,1.0,0.0
1198,15684868,1.0,1.0
1199,15680399,0.0,0.0
1200,15580249,0.0,0.0
1201,15803908,0.0,0.0
1202,15596992,1.0,1.0
1203,15735025,0.0,0.0
1204,15730759,1.0,0.0
1205,15777896,0.0,0.0
1206,15605134,0.0,0.0
1207,15761076,0.0,0.0
1208,15654372,0.0,0.0
1209,15585867,0.0,0.0
1210,15764293,0.0,0.0
1211,15636423,0.0,0.0
1212,15643359,0.0,0.0
1213,15687913,0.0,0.0
1214,15651144,0.0,0.0
1215,15720371,1.0,1.0
1216,15806407,0.0,0.0
1217,15785042,0.0,0.0
1218,15654096,0.0,0.0
1219,15806945,0.0,0.0
1220,15625761,1.0,1.0
1221,15612444,0.0,0.0
1222,15666430,0.0,0.0
1223,15581323,0.0,0.0
1224,15801942,1.0,0.0
1225,15810167,0.0,0.0
1226,15760641,0.0,0.0
1227,15734892,0.0,0.0
1228,15797194,0.0,0.0
1229,15642726,0.0,1.0
1230,15731781,0.0,0.0
1231,15794273,0.0,0.0
1232,15790763,0.0,0.0
1233,15793116,0.0,0.0
1234,15800412,0.0,0.0
1235,15603554,1.0,1.0
1236,15654274,0.0,0.0
1237,15691457,0.0,0.0
1238,15719649,0.0,0.0
1239,15571995,0.0,0.0
1240,15725302,0.0,0.0
1241,15585748,0.0,0.0
1242,15708610,0.0,0.0
1243,15624471,0.0,0.0
1244,15689328,1.0,1.0
1245,15620756,1.0,0.0
1246,15793346,0.0,0.0
1247,15668289,0.0,0.0
1248,15713673,0.0,0.0
1249,15783083,0.0,0.0
1250,15621550,1.0,1.0
1251,15755241,1.0,0.0
1252,15591169,1.0,1.0
1253,15653455,0.0,0.0
1254,15765643,0.0,0.0
1255,15673599,0.0,0.0
1256,15746012,1.0,0.0
1257,15788494,0.0,0.0
1258,15623744,0.0,0.0
1259,15754820,0.0,0.0
1260,15699507,0.0,0.0
1261,15799600,0.0,0.0
1262,15570414,0.0,0.0
1263,15730418,0.0,0.0
1264,15661591,0.0,0.0
1265,15568742,0.0,0.0
1266,15642162,1.0,0.0
1267,15812073,0.0,0.0
1268,15582033,1.0,1.0
1269,15602845,0.0,0.0
1270,15804211,0.0,0.0
1271,15736126,1.0,0.0
1272,15791172,0.0,0.0
1273,15598982,1.0,0.0
1274,15769516,0.0,0.0
1275,15695103,0.0,0.0
1276,15579994,0.0,0.0
1277,15699335,0.0,0.0
1278,15647974,0.0,0.0
1279,15583371,1.0,0.0
1280,15764927,0.0,0.0
1281,15719170,0.0,0.0
1282,15783526,0.0,0.0
1283,15677184,0.0,0.0
1284,15800233,0.0,0.0
1285,15626143,0.0,0.0
1286,15573348,0.0,0.0
1287,15668629,0.0,0.0
1288,15620751,0.0,0.0
1289,15723671,0.0,0.0
1290,15625964,0.0,0.0
1291,15643916,1.0,0.0
1292,15720636,1.0,0.0
1293,15571869,1.0,1.0
1294,15675231,0.0,0.0
1295,15627848,0.0,0.0
1296,15792029,0.0,0.0
1297,15636407,0.0,0.0
1298,15632576,0.0,0.0
1299,15581505,0.0,0.0
1300,15721937,0.0,0.0
1301,15719778,0.0,0.0
1302,15780359,0.0,0.0
1303,15651883,1.0,1.0
1304,15785975,0.0,0.0
1305,15697360,1.0,0.0
1306,15633181,0.0,0.0
1307,15576000,0.0,0.0
1308,15766047,0.0,0.0
1309,15615938,0.0,0.0
1310,15744046,0.0,0.0
1311,15756301,0.0,0.0
1312,15586517,0.0,0.0
1313,15619932,0.0,0.0
1314,15746199,1.0,0.0
1315,15584967,0.0,0.0
1316,15665177,0.0,0.0
1317,15575399,0.0,0.0
1318,15792679,0.0,0.0
1319,15583076,0.0,0.0
1320,15648989,0.0,0.0
1321,15655252,0.0,0.0
1322,15599024,0.0,0.0
1323,15797900,1.0,1.0
1324,15667932,0.0,0.0
1325,15759034,0.0,0.0
1326,15724663,0.0,0.0
1327,15736717,0.0,0.0
1328,15710316,0.0,0.0
1329,15606861,0.0,0.0
1330,15587299,0.0,1.0
1331,15655389,0.0,0.0
1332,15701037,0.0,0.0
1333,15666711,1.0,1.0
1334,15588933,0.0,0.0
1335,15744553,0.0,0.0
1336,15776629,0.0,0.0
1337,15647207,0.0,0.0
1338,15610416,1.0,0.0
1339,15715208,0.0,0.0
1340,15628697,0.0,0.0
1341,15771299,1.0,0.0
1342,15766172,0.0,0.0
1343,15653404,0.0,0.0
1344,15660878,0.0,0.0
1345,15754053,0.0,1.0
1346,15621818,0.0,0.0
1347,15652700,0.0,0.0
1348,15569432,1.0,0.0
1349,15587066,1.0,0.0
1350,15714874,0.0,0.0
1351,15599591,0.0,0.0
1352,15713347,0.0,1.0
1353,15713094,0.0,0.0
1354,15799925,0.0,0.0
1355,15692575,1.0,0.0
1356,15743149,0.0,0.0
1357,15700656,0.0,0.0
1358,15787884,0.0,0.0
1359,15771222,0.0,0.0
1360,15806134,0.0,0.0
1361,15680804,0.0,0.0
1362,15601627,0.0,0.0
1363,15809462,0.0,0.0
1364,15738715,1.0,0.0
1365,15754574,0.0,0.0
1366,15629299,1.0,0.0
1367,15771569,0.0,0.0
1368,15785654,1.0,0.0
1369,15736287,0.0,0.0
1370,15587394,0.0,0.0
1371,15762793,0.0,0.0
1372,15565878,0.0,0.0
1373,15678460,0.0,0.0
1374,15662571,0.0,0.0
1375,15651020,0.0,0.0
1376,15760865,1.0,1.0
1377,15657540,0.0,0.0
1378,15700263,1.0,1.0
1379,15637522,0.0,0.0
1380,15636548,0.0,0.0
1381,15566891,0.0,0.0
1382,15610653,0.0,0.0
1383,15667002,0.0,0.0
1384,15679884,1.0,1.0
1385,15784180,1.0,0.0
1386,15721116,0.0,0.0
1387,15637138,0.0,0.0
1388,15781665,0.0,0.0
1389,15808930,0.0,0.0
1390,15570970,0.0,0.0
1391,15711181,0.0,0.0
1392,15698324,0.0,0.0
1393,15636590,0.0,0.0
1394,15803750,1.0,0.0
1395,15579109,0.0,0.0
1396,15696605,0.0,1.0
1397,15711571,0.0,0.0
1398,15751180,0.0,0.0
1399,15702377,0.0,0.0
1400,15811877,0.0,0.0
1401,15752801,1.0,0.0
1402,15681342,0.0,0.0
1403,15585892,0.0,0.0
1404,15609356,0.0,0.0
1405,15786237,0.0,0.0
1406,15580914,1.0,0.0
1407,15583680,0.0,0.0
1408,15813718,0.0,0.0
1409,15686461,0.0,0.0
1410,15668679,0.0,0.0
1411,15720529,0.0,0.0
1412,15682860,0.0,0.0
1413,15621546,0.0,0.0
1414,15706762,0.0,0.0
1415,15608595,0.0,0.0
1416,15766906,0.0,0.0
1417,15667451,0.0,0.0
1418,15649160,0.0,0.0
1419,15565714,0.0,0.0
1420,15664793,0.0,0.0
1421,15642391,1.0,1.0
1422,15815040,1.0,0.0
1423,15788776,1.0,1.0
1424,15815443,0.0,1.0
1425,15682686,0.0,0.0
1426,15748432,0.0,0.0
1427,15781875,0.0,0.0
1428,15731166,0.0,0.0
1429,15654859,1.0,1.0
1430,15577515,1.0,0.0
1431,15712877,0.0,0.0
1432,15699340,0.0,0.0
1433,15691150,0.0,0.0
1434,15650313,0.0,0.0
1435,15745375,0.0,0.0
1436,15649379,0.0,0.0
1437,15709252,1.0,0.0
1438,15587297,0.0,0.0
1439,15573520,0.0,0.0
1440,15701885,0.0,0.0
1441,15778290,0.0,0.0
1442,15586183,0.0,0.0
1443,15593959,0.0,0.0
1444,15585192,0.0,0.0
1445,15638989,1.0,0.0
1446,15730287,1.0,1.0
1447,15690492,0.0,0.0
1448,15566495,1.0,0.0
1449,15772329,1.0,1.0
1450,15591552,0.0,0.0
1451,15728906,0.0,0.0
1452,15670029,0.0,0.0
1453,15663194,1.0,0.0
1454,15745804,0.0,0.0
1455,15585928,0.0,0.0
1456,15571081,0.0,0.0
1457,15579583,0.0,0.0
1458,15724851,0.0,0.0
1459,15581871,0.0,0.0
1460,15680901,0.0,0.0
1461,15637891,0.0,0.0
1462,15708236,0.0,0.0
1463,15764444,0.0,0.0
1464,15794204,0.0,0.0
1465,15782159,0.0,0.0
1466,15618703,1.0,0.0
1467,15811690,1.0,1.0
1468,15762045,0.0,0.0
1469,15787229,0.0,0.0
1470,15648876,0.0,0.0
1471,15802106,0.0,0.0
1472,15711635,0.0,0.0
1473,15679394,0.0,0.0
1474,15646082,1.0,0.0
1475,15713160,0.0,0.0
1476,15568878,0.0,0.0
1477,15641733,0.0,0.0
1478,15757188,0.0,0.0
1479,15726167,0.0,0.0
1480,15716347,0.0,0.0
1481,15766734,0.0,0.0
1482,15808386,1.0,1.0
1483,15802071,1.0,0.0
1484,15631693,0.0,0.0
1485,15592326,0.0,0.0
1486,15746258,0.0,0.0
1487,15692430,0.0,0.0
1488,15754578,0.0,0.0
1489,15647898,1.0,1.0
1490,15591248,0.0,0.0
1491,15700549,0.0,0.0
1492,15707042,0.0,0.0
1493,15740411,0.0,0.0
1494,15679801,0.0,0.0
1495,15667934,0.0,0.0
1496,15772941,0.0,0.0
1497,15671987,0.0,0.0
1498,15646563,0.0,0.0
1499,15687765,0.0,0.0
1500,15703177,0.0,0.0
1501,15660263,0.0,0.0
1502,15645820,0.0,0.0
1503,15659031,0.0,0.0
1504,15605341,0.0,0.0
1505,15660528,0.0,0.0
1506,15657228,0.0,0.0
1507,15729377,0.0,0.0
1508,15764841,0.0,0.0
1509,15611189,0.0,0.0
1510,15642063,0.0,0.0
1511,15786539,0.0,0.0
1512,15590234,1.0,0.0
1513,15735221,0.0,0.0
1514,15617991,0.0,0.0
1515,15647295,0.0,0.0
1516,15759387,1.0,0.0
1517,15567919,0.0,0.0
1518,15656417,0.0,0.0
1519,15580579,1.0,0.0
1520,15620832,0.0,0.0
1521,15583552,0.0,1.0
1522,15794868,0.0,0.0
1523,15571571,0.0,1.0
1524,15758477,0.0,0.0
1525,15604963,0.0,0.0
1526,15812470,0.0,0.0
1527,15667588,0.0,0.0
1528,15620570,0.0,0.0
1529,15727811,1.0,1.0
1530,15673238,1.0,1.0
1531,15788215,1.0,0.0
1532,15594651,0.0,0.0
1533,15615296,1.0,0.0
1534,15722535,0.0,0.0
1535,15740356,0.0,0.0
1536,15776494,1.0,0.0
1537,15629985,1.0,0.0
1538,15679453,1.0,0.0
1539,15702801,1.0,0.0
1540,15719931,0.0,0.0
1541,15794875,0.0,0.0
1542,15612729,0.0,0.0
1543,15685640,0.0,0.0
1544,15725906,1.0,0.0
1545,15571940,0.0,0.0
1546,15628308,0.0,0.0
1547,15781619,1.0,0.0
1548,15777616,0.0,0.0
1549,15606232,0.0,0.0
1550,15641585,0.0,0.0
1551,15684358,0.0,0.0
1552,15806389,1.0,0.0
1553,15641860,1.0,0.0
1554,15751177,1.0,1.0
1555,15757473,0.0,0.0
1556,15595991,0.0,0.0
1557,15674671,0.0,0.0
1558,15798885,0.0,0.0
1559,15714883,0.0,0.0
1560,15604497,0.0,1.0
1561,15774164,0.0,0.0
1562,15774127,0.0,0.0
1563,15672499,0.0,0.0
1564,15592751,1.0,1.0
1565,15576131,0.0,0.0
1566,15788189,0.0,0.0
1567,15789563,1.0,0.0
1568,15746674,1.0,1.0
1569,15663808,0.0,0.0
1570,15716501,0.0,0.0
1571,15659677,0.0,0.0
1572,15697201,0.0,0.0
1573,15666453,0.0,0.0
1574,15750441,0.0,0.0
1575,15757607,1.0,0.0
1576,15793070,1.0,0.0
1577,15760456,1.0,0.0
1578,15665385,0.0,0.0
1579,15612418,0.0,0.0
1580,15732061,1.0,1.0
1581,15776051,0.0,0.0
1582,15744979,0.0,0.0
1583,15745433,0.0,0.0
1584,15707025,0.0,0.0
1585,15653275,1.0,1.0
1586,15613962,0.0,0.0
1587,15712960,0.0,0.0
1588,15579287,0.0,0.0
1589,15809906,0.0,0.0
1590,15649450,0.0,0.0
1591,15777179,0.0,0.0
1592,15590094,0.0,0.0
1593,15773273,0.0,0.0
1594,15617401,0.0,0.0
1595,15761717,0.0,0.0
1596,15681476,1.0,0.0
1597,15785326,0.0,0.0
1598,15774316,0.0,0.0
1599,15645404,1.0,1.0
1600,15750574,0.0,0.0
1601,15577398,0.0,0.0
1602,15722632,1.0,0.0
1603,15794356,0.0,0.0
1604,15588341,0.0,0.0
1605,15627042,0.0,0.0
1606,15803032,0.0,0.0
1607,15678067,0.0,0.0
1608,15699532,0.0,0.0
1609,15791513,1.0,0.0
1610,15723437,0.0,0.0
1611,15775124,0.0,0.0
1612,15578141,1.0,0.0
1613,15576526,0.0,0.0
1614,15792489,0.0,0.0
1615,15807221,0.0,0.0
1616,15616525,0.0,0.0
1617,15808868,1.0,1.0
1618,15770121,0.0,0.0
1619,15686236,1.0,1.0
1620,15698184,0.0,0.0
1621,15776596,1.0,0.0
1622,15814757,0.0,0.0
1623,15690829,1.0,1.0
1624,15696834,0.0,0.0
1625,15583764,0.0,0.0
1626,15601030,0.0,0.0
1627,15745250,1.0,1.0
1628,15741693,0.0,0.0
1629,15618446,0.0,0.0
1630,15684011,0.0,0.0
1631,15597957,0.0,0.0
1632,15594391,1.0,1.0
1633,15805413,0.0,0.0
1634,15655232,0.0,0.0
1635,15670552,0.0,0.0
1636,15639117,1.0,0.0
1637,15586236,1.0,1.0
1638,15752502,0.0,0.0
1639,15609058,0.0,0.0
1640,15600086,0.0,0.0
1641,15572777,0.0,0.0
1642,15750970,0.0,0.0
1643,15725772,0.0,0.0
1644,15641366,1.0,0.0
1645,15623525,0.0,0.0
1646,15576077,0.0,0.0
1647,15774402,0.0,0.0
1648,15748352,0.0,0.0
1649,15635500,0.0,0.0
1650,15634792,0.0,0.0
1651,15727177,1.0,0.0
1652,15603328,0.0,0.0
1653,15603550,0.0,0.0
1654,15636595,0.0,0.0
1655,15753955,0.0,0.0
1656,15708504,1.0,0.0
1657,15656330,0.0,0.0
1658,15778049,0.0,0.0
1659,15734737,0.0,0.0
1660,15746515,1.0,1.0
1661,15708139,0.0,0.0
1662,15584453,0.0,0.0
1663,15710111,0.0,0.0
1664,15798737,0.0,0.0
1665,15712608,0.0,0.0
1666,15636736,1.0,0.0
1667,15703544,0.0,0.0
1668,15628715,0.0,0.0
1669,15682467,0.0,0.0
1670,15757015,0.0,0.0
1671,15770711,0.0,0.0
1672,15792473,1.0,1.0
1673,15792868,0.0,0.0
1674,15777060,1.0,0.0
1675,15670163,0.0,0.0
1676,15803965,0.0,0.0
1677,15813645,0.0,0.0
1678,15610343,1.0,0.0
1679,15792453,0.0,0.0
1680,15749807,0.0,0.0
1681,15763898,0.0,0.0
1682,15757759,1.0,1.0
1683,15796230,1.0,1.0
1684,15611729,1.0,0.0
1685,15753840,1.0,0.0
1686,15669994,0.0,0.0
1687,15751912,0.0,0.0
1688,15807107,0.0,0.0
1689,15661034,1.0,0.0
1690,15704657,1.0,0.0
1691,15745266,1.0,0.0
1692,15612594,0.0,0.0
1693,15715345,0.0,0.0
1694,15720155,1.0,0.0
1695,15749365,0.0,0.0
1696,15709232,0.0,0.0
1697,15801351,0.0,0.0
1698,15583736,0.0,0.0
1699,15756321,1.0,1.0
1700,15681671,0.0,0.0
1701,15775949,0.0,0.0
1702,15658233,0.0,0.0
1703,15617538,0.0,0.0
1704,15692142,1.0,0.0
1705,15793641,0.0,0.0
1706,15792627,0.0,0.0
1707,15710053,0.0,0.0
1708,15758769,0.0,0.0
1709,15667456,0.0,0.0
1710,15799534,0.0,0.0
1711,15612478,1.0,1.0
1712,15709621,0.0,0.0
1713,15807568,0.0,0.0
1714,15567506,1.0,0.0
1715,15686538,0.0,0.0
1716,15705735,0.0,0.0
1717,15624892,0.0,0.0
1718,15584785,0.0,0.0
1719,15750728,0.0,0.0
1720,15671800,0.0,0.0
1721,15677288,1.0,1.0
1722,15634606,0.0,0.0
1723,15800068,0.0,0.0
1724,15648030,0.0,0.0
1725,15674179,0.0,0.0
1726,15709016,1.0,1.0
1727,15749345,0.0,0.0
1728,15791321,0.0,1.0
1729,15587676,0.0,0.0
1730,15711457,0.0,0.0
1731,15702277,0.0,0.0
1732,15742809,0.0,0.0
1733,15633194,1.0,1.0
1734,15638774,0.0,0.0
1735,15780966,0.0,0.0
1736,15624424,0.0,0.0
1737,15643215,0.0,0.0
1738,15649060,0.0,0.0
1739,15725076,0.0,0.0
1740,15574115,0.0,0.0
1741,15747772,0.0,0.0
1742,15773639,0.0,0.0
1743,15777830,0.0,0.0
1744,15759690,0.0,0.0
1745,15608701,1.0,0.0
1746,15749103,1.0,0.0
1747,15669282,0.0,0.0
1748,15632736,0.0,0.0
1749,15705050,0.0,0.0
1750,15637599,1.0,1.0
1751,15666332,0.0,0.0
1752,15727291,0.0,0.0
1753,15799641,0.0,0.0
1754,15586848,0.0,0.0
1755,15707637,1.0,1.0
1756,15757829,0.0,0.0
1757,15746338,0.0,0.0
1758,15599329,1.0,1.0
1759,15644551,0.0,0.0
1760,15717770,1.0,1.0
1761,15713517,0.0,0.0
1762,15673995,0.0,1.0
1763,15811415,0.0,0.0
1764,15718667,0.0,0.0
1765,15703394,0.0,0.0
1766,15714241,1.0,0.0
1767,15661827,0.0,0.0
1768,15738088,1.0,0.0
1769,15618203,0.0,0.0
1770,15617052,1.0,0.0
1771,15716608,1.0,0.0
1772,15690670,0.0,0.0
1773,15714642,0.0,0.0
1774,15741181,0.0,0.0
1775,15598940,0.0,0.0
1776,15624993,1.0,0.0
1777,15760568,0.0,0.0
1778,15773146,0.0,0.0
1779,15575391,0.0,0.0
1780,15714832,0.0,0.0
1781,15619953,0.0,0.0
1782,15752388,0.0,0.0
1783,15769955,0.0,0.0
1784,15630244,0.0,0.0
1785,15668009,0.0,0.0
1786,15725762,0.0,0.0
1787,15761713,0.0,0.0
1788,15708357,0.0,0.0
1789,15696371,0.0,0.0
1790,15675794,1.0,1.0
1791,15749583,1.0,1.0
1792,15779620,0.0,0.0
1793,15768233,1.0,0.0
1794,15790489,0.0,0.0
1795,15612670,0.0,0.0
1796,15631222,0.0,0.0
1797,15760427,0.0,0.0
1798,15797065,0.0,0.0
1799,15744873,1.0,1.0
1800,15717307,0.0,0.0
1801,15804962,1.0,0.0
1802,15700394,1.0,0.0
1803,15631162,0.0,0.0
1804,15806420,0.0,0.0
1805,15810660,0.0,0.0
1806,15572294,0.0,0.0
1807,15674110,0.0,0.0
1808,15662501,1.0,1.0
1809,15700424,0.0,0.0
1810,15636388,0.0,0.0
1811,15627195,0.0,0.0
1812,15657957,1.0,0.0
1813,15676117,0.0,0.0
1814,15649858,0.0,0.0
1815,15811032,0.0,0.0
1816,15622461,0.0,1.0
1817,15763415,0.0,0.0
1818,15685805,0.0,0.0
1819,15695932,0.0,0.0
1820,15723217,0.0,0.0
1821,15610727,0.0,0.0
1822,15723153,0.0,0.0
1823,15756118,0.0,0.0
1824,15799468,0.0,0.0
1825,15570271,0.0,0.0
1826,15690330,0.0,0.0
1827,15810227,0.0,0.0
1828,15695299,0.0,0.0
1829,15799635,1.0,1.0
1830,15772337,1.0,0.0
1831,15801920,0.0,0.0
1832,15749951,1.0,0.0
1833,15738662,0.0,0.0
1834,15640855,0.0,0.0
1835,15764153,0.0,0.0
1836,15753110,1.0,0.0
1837,15711521,0.0,0.0
1838,15630413,0.0,0.0
1839,15743545,0.0,0.0
1840,15743075,0.0,0.0
1841,15683339,1.0,0.0
1842,15685476,0.0,0.0
1843,15703682,0.0,0.0
1844,15605737,0.0,0.0
1845,15672082,0.0,0.0
1846,15679029,0.0,0.0
1847,15747288,1.0,0.0
1848,15804357,0.0,0.0
1849,15688984,0.0,0.0
1850,15771668,1.0,1.0
1851,15595640,0.0,0.0
1852,15690337,0.0,0.0
1853,15680666,0.0,0.0
1854,15679551,1.0,0.0
1855,15606097,1.0,0.0
1856,15645353,0.0,0.0
1857,15650018,0.0,0.0
1858,15590888,0.0,0.0
1859,15655368,0.0,0.0
1860,15771535,0.0,0.0
1861,15737971,0.0,0.0
1862,15570681,0.0,0.0
1863,15701364,0.0,0.0
1864,15576216,1.0,0.0
1865,15768465,0.0,0.0
1866,15722004,0.0,0.0
1867,15639133,0.0,0.0
1868,15723872,0.0,0.0
1869,15800805,0.0,0.0
1870,15758451,0.0,0.0
1871,15751445,0.0,0.0
1872,15749669,0.0,0.0
1873,15583138,0.0,0.0
1874,15584580,0.0,0.0
1875,15705544,0.0,0.0
1876,15586523,1.0,0.0
1877,15676810,0.0,0.0
1878,15598046,0.0,0.0
1879,15658946,0.0,0.0
1880,15786389,0.0,0.0
1881,15763093,0.0,0.0
1882,15739123,0.0,0.0
1883,15691543,0.0,0.0
1884,15722845,0.0,0.0
1885,15702061,0.0,0.0
1886,15689344,0.0,1.0
1887,15729359,0.0,0.0
1888,15749114,0.0,0.0
1889,15656009,0.0,0.0
1890,15665634,0.0,0.0
1891,15707138,0.0,0.0
1892,15584897,0.0,0.0
1893,15743760,0.0,0.0
1894,15632280,1.0,1.0
1895,15750407,0.0,0.0
1896,15589589,0.0,0.0
1897,15757385,0.0,0.0
1898,15577913,0.0,0.0
1899,15582903,0.0,0.0
1900,15692226,0.0,0.0
1901,15784010,0.0,0.0
1902,15748616,0.0,0.0
1903,15723604,0.0,0.0
1904,15737385,0.0,0.0
1905,15786035,0.0,0.0
1906,15631481,0.0,0.0
1907,15675983,0.0,0.0
1908,15622370,0.0,0.0
1909,15605130,0.0,0.0
1910,15672574,0.0,0.0
1911,15619674,0.0,0.0
1912,15775192,1.0,1.0
1913,15617454,0.0,0.0
1914,15686743,0.0,0.0
1915,15728885,0.0,0.0
1916,15770567,0.0,0.0
1917,15790322,0.0,0.0
1918,15699415,1.0,0.0
1919,15717010,0.0,0.0
1920,15733361,1.0,1.0
1921,15795488,0.0,0.0
1922,15613518,0.0,0.0
1923,15682454,0.0,0.0
1924,15593778,1.0,0.0
1925,15720123,0.0,0.0
1926,15604732,0.0,0.0
1927,15742285,0.0,0.0
1928,15594786,0.0,0.0
1929,15649211,0.0,0.0
1930,15619898,0.0,0.0
1931,15797692,0.0,0.0
1932,15687363,0.0,0.0
1933,15678057,0.0,0.0
1934,15638247,0.0,0.0
1935,15812534,0.0,0.0
1936,15794297,0.0,0.0
1937,15583692,0.0,0.0
1938,15779973,0.0,0.0
1939,15620557,0.0,0.0
1940,15665158,0.0,0.0
1941,15601977,0.0,0.0
1942,15801462,0.0,0.0
1943,15566139,0.0,0.0
1944,15613048,1.0,0.0
1945,15735799,0.0,0.0
1946,15660611,0.0,0.0
1947,15745794,0.0,0.0
1948,15651336,0.0,0.0
1949,15605067,0.0,0.0
1950,15771477,0.0,0.0
1951,15759872,0.0,0.0
1952,15687431,0.0,0.0
1953,15604515,0.0,0.0
1954,15724321,1.0,1.0
1955,15768495,1.0,0.0
1956,15741197,0.0,0.0
1957,15664547,1.0,0.0
1958,15620577,0.0,0.0
1959,15603883,0.0,0.0
1960,15804009,0.0,0.0
1961,15662698,1.0,0.0
1962,15696047,0.0,0.0
1963,15790093,0.0,0.0
1964,15632143,0.0,0.0
1965,15795511,0.0,0.0
1966,15659327,1.0,0.0
1967,15771323,0.0,0.0
1968,15700714,0.0,0.0
1969,15728829,0.0,0.0
1970,15687626,1.0,0.0
1971,15742091,1.0,0.0
1972,15594915,0.0,0.0
1973,15686917,0.0,0.0
1974,15616172,0.0,0.0
1975,15746704,0.0,0.0
1976,15615430,1.0,0.0
1977,15726179,1.0,0.0
1978,15736371,0.0,0.0
1979,15648032,0.0,0.0
1980,15686974,1.0,0.0
1981,15670427,0.0,0.0
1982,15704795,0.0,0.0
1983,15589420,0.0,0.0
1984,15770516,0.0,0.0
1985,15791972,0.0,0.0
1986,15659495,0.0,0.0
1987,15798615,0.0,0.0
1988,15638494,0.0,0.0
1989,15739850,0.0,0.0
1990,15672237,0.0,0.0
1991,15677783,0.0,0.0
1992,15806360,0.0,0.0
1993,15692664,0.0,0.0
1994,15696175,0.0,0.0
1995,15581736,0.0,0.0
1996,15657105,0.0,0.0
1997,15569266,0.0,0.0
